{"cameraMode":{"drawMode":0,"name":"Shaded","section":"Shading Mode"},"sceneLighting":true,"audioPlay":false,"sceneViewState":{"showFog":true,"showMaterialUpdate":false,"showSkybox":true,"showFlares":true,"showImageEffects":true,"showParticleSystems":true},"in2DMode":false,"pivot":{"x":12.917930603027344,"y":4.8633222579956059,"z":1.172922134399414},"rotation":{"x":0.012094705365598202,"y":-0.39894476532936098,"z":-0.005262926686555147,"w":-0.9168814420700073},"size":6.298600196838379,"orthographic":false}