{"cameraMode":{"drawMode":0,"name":"Shaded","section":"Shading Mode"},"sceneLighting":true,"audioPlay":false,"sceneViewState":{"showFog":true,"showMaterialUpdate":false,"showSkybox":true,"showFlares":true,"showImageEffects":true,"showParticleSystems":true},"in2DMode":false,"pivot":{"x":13.611292839050293,"y":2.9804112911224367,"z":0.5014395713806152},"rotation":{"x":0.012094705365598202,"y":-0.39894476532936098,"z":-0.005262926686555147,"w":-0.9168814420700073},"size":5.1247453689575199,"orthographic":false}