{"cameraMode":{"drawMode":0,"name":"Shaded","section":"Shading Mode"},"sceneLighting":true,"audioPlay":false,"sceneViewState":{"showFog":true,"showMaterialUpdate":false,"showSkybox":true,"showFlares":true,"showImageEffects":true,"showParticleSystems":true},"in2DMode":false,"pivot":{"x":18.854473114013673,"y":0.4178624153137207,"z":8.784867286682129},"rotation":{"x":-0.1114434003829956,"y":-0.6053654551506043,"z":0.08611752837896347,"w":-0.7833905220031738},"size":7.4922027587890629,"orthographic":false}